event_count,patient_count,cumulative_patients,cumulative_pct
1,561,561,0.28
2,523,1084,0.55
3,498,1582,0.8
4,467,2049,1.04
5,462,2511,1.27
6,453,2964,1.5
7,482,3446,1.75
8,488,3934,1.99
9,488,4422,2.24
10,519,4941,2.5
11,507,5448,2.76
12,504,5952,3.02
13,498,6450,3.27
14,494,6944,3.52
15,514,7458,3.78
16,533,7991,4.05
17,506,8497,4.31
18,515,9012,4.57
19,535,9547,4.84
20,496,10043,5.09
21,528,10571,5.36
22,545,11116,5.63
23,556,11672,5.92
24,561,12233,6.2
25,562,12795,6.48
26,555,13350,6.77
27,548,13898,7.04
28,540,14438,7.32
29,566,15004,7.6
30,531,15535,7.87
31,559,16094,8.16
32,526,16620,8.42
33,513,17133,8.68
34,552,17685,8.96
35,549,18234,9.24
36,513,18747,9.5
37,514,19261,9.76
38,460,19721,9.99
39,461,20182,10.23
40,469,20651,10.47
41,498,21149,10.72
42,462,21611,10.95
43,455,22066,11.18
44,482,22548,11.43
45,465,23013,11.66
46,501,23514,11.92
47,444,23958,12.14
48,441,24399,12.37
49,470,24869,12.6
50,447,25316,12.83
51,483,25799,13.07
52,384,26183,13.27
53,438,26621,13.49
54,446,27067,13.72
55,419,27486,13.93
56,434,27920,14.15
57,416,28336,14.36
58,422,28758,14.57
59,411,29169,14.78
60,433,29602,15.0
61,437,30039,15.22
62,408,30447,15.43
63,441,30888,15.65
64,379,31267,15.85
65,398,31665,16.05
66,397,32062,16.25
67,407,32469,16.45
68,396,32865,16.66
69,402,33267,16.86
70,398,33665,17.06
71,410,34075,17.27
72,351,34426,17.45
73,363,34789,17.63
74,422,35211,17.84
75,342,35553,18.02
76,373,35926,18.21
77,429,36355,18.42
78,402,36757,18.63
79,412,37169,18.84
80,389,37558,19.03
81,405,37963,19.24
82,377,38340,19.43
83,416,38756,19.64
84,390,39146,19.84
85,379,39525,20.03
86,350,39875,20.21
87,341,40216,20.38
88,376,40592,20.57
89,329,40921,20.74
90,369,41290,20.93
91,424,41714,21.14
92,393,42107,21.34
93,374,42481,21.53
94,387,42868,21.73
95,377,43245,21.92
96,381,43626,22.11
97,371,43997,22.3
98,370,44367,22.48
99,343,44710,22.66
100,359,45069,22.84
101,386,45455,23.04
102,384,45839,23.23
103,356,46195,23.41
104,370,46565,23.6
105,370,46935,23.79
106,355,47290,23.97
107,354,47644,24.15
108,324,47968,24.31
109,368,48336,24.5
110,369,48705,24.68
111,389,49094,24.88
112,360,49454,25.06
113,347,49801,25.24
114,369,50170,25.43
115,344,50514,25.6
116,342,50856,25.77
117,342,51198,25.95
118,362,51560,26.13
119,315,51875,26.29
120,394,52269,26.49
121,356,52625,26.67
122,335,52960,26.84
123,364,53324,27.02
124,332,53656,27.19
125,374,54030,27.38
126,366,54396,27.57
127,371,54767,27.76
128,346,55113,27.93
129,319,55432,28.09
130,334,55766,28.26
131,331,56097,28.43
132,331,56428,28.6
133,310,56738,28.75
134,325,57063,28.92
135,343,57406,29.09
136,330,57736,29.26
137,336,58072,29.43
138,319,58391,29.59
139,305,58696,29.75
140,311,59007,29.9
141,304,59311,30.06
142,347,59658,30.23
143,329,59987,30.4
144,320,60307,30.56
145,362,60669,30.75
146,323,60992,30.91
147,353,61345,31.09
148,311,61656,31.25
149,355,62011,31.43
150,297,62308,31.58
151,340,62648,31.75
152,294,62942,31.9
153,309,63251,32.05
154,307,63558,32.21
155,344,63902,32.38
156,315,64217,32.54
157,321,64538,32.71
158,312,64850,32.87
159,323,65173,33.03
160,310,65483,33.19
161,322,65805,33.35
162,297,66102,33.5
163,323,66425,33.66
164,317,66742,33.82
165,345,67087,34.0
166,322,67409,34.16
167,290,67699,34.31
168,301,68000,34.46
169,319,68319,34.62
170,297,68616,34.77
171,325,68941,34.94
172,300,69241,35.09
173,280,69521,35.23
174,289,69810,35.38
175,305,70115,35.53
176,291,70406,35.68
177,329,70735,35.85
178,308,71043,36.0
179,301,71344,36.16
180,287,71631,36.3
181,276,71907,36.44
182,312,72219,36.6
183,301,72520,36.75
184,303,72823,36.91
185,349,73172,37.08
186,289,73461,37.23
187,280,73741,37.37
188,278,74019,37.51
189,298,74317,37.66
190,283,74600,37.81
191,276,74876,37.95
192,292,75168,38.09
193,270,75438,38.23
194,282,75720,38.37
195,284,76004,38.52
196,276,76280,38.66
197,266,76546,38.79
198,296,76842,38.94
199,305,77147,39.1
200,259,77406,39.23
201,274,77680,39.37
202,278,77958,39.51
203,281,78239,39.65
204,269,78508,39.79
205,261,78769,39.92
206,293,79062,40.07
207,302,79364,40.22
208,285,79649,40.37
209,265,79914,40.5
210,277,80191,40.64
211,248,80439,40.77
212,271,80710,40.9
213,288,80998,41.05
214,268,81266,41.18
215,283,81549,41.33
216,250,81799,41.45
217,262,82061,41.59
218,278,82339,41.73
219,285,82624,41.87
220,258,82882,42.0
221,285,83167,42.15
222,259,83426,42.28
223,295,83721,42.43
224,264,83985,42.56
225,276,84261,42.7
226,276,84537,42.84
227,258,84795,42.97
228,280,85075,43.12
229,287,85362,43.26
230,250,85612,43.39
231,257,85869,43.52
232,247,86116,43.64
233,276,86392,43.78
234,246,86638,43.91
235,295,86933,44.06
236,253,87186,44.18
237,244,87430,44.31
238,266,87696,44.44
239,264,87960,44.58
240,277,88237,44.72
241,274,88511,44.86
242,308,88819,45.01
243,254,89073,45.14
244,242,89315,45.26
245,233,89548,45.38
246,225,89773,45.5
247,253,90026,45.62
248,270,90296,45.76
249,243,90539,45.88
250,242,90781,46.01
251,249,91030,46.13
252,242,91272,46.26
253,255,91527,46.38
254,244,91771,46.51
255,216,91987,46.62
256,238,92225,46.74
257,260,92485,46.87
258,268,92753,47.01
259,229,92982,47.12
260,280,93262,47.26
261,255,93517,47.39
262,233,93750,47.51
263,229,93979,47.63
264,254,94233,47.76
265,244,94477,47.88
266,260,94737,48.01
267,227,94964,48.13
268,242,95206,48.25
269,233,95439,48.37
270,232,95671,48.48
271,229,95900,48.6
272,244,96144,48.72
273,270,96414,48.86
274,227,96641,48.98
275,232,96873,49.09
276,226,97099,49.21
277,245,97344,49.33
278,252,97596,49.46
279,248,97844,49.59
280,245,98089,49.71
281,245,98334,49.83
282,207,98541,49.94
283,241,98782,50.06
284,222,99004,50.17
285,224,99228,50.29
286,202,99430,50.39
287,234,99664,50.51
288,217,99881,50.62
289,206,100087,50.72
290,208,100295,50.83
291,232,100527,50.95
292,236,100763,51.07
293,230,100993,51.18
294,228,101221,51.3
295,229,101450,51.41
296,226,101676,51.53
297,228,101904,51.64
298,207,102111,51.75
299,235,102346,51.87
300,222,102568,51.98
301,225,102793,52.09
302,237,103030,52.21
303,218,103248,52.32
304,228,103476,52.44
305,205,103681,52.54
306,248,103929,52.67
307,214,104143,52.78
308,214,104357,52.89
309,234,104591,53.01
310,239,104830,53.13
311,225,105055,53.24
312,206,105261,53.35
313,191,105452,53.44
314,220,105672,53.55
315,199,105871,53.65
316,203,106074,53.76
317,217,106291,53.87
318,222,106513,53.98
319,201,106714,54.08
320,231,106945,54.2
321,209,107154,54.3
322,238,107392,54.43
323,223,107615,54.54
324,222,107837,54.65
325,237,108074,54.77
326,245,108319,54.89
327,206,108525,55.0
328,224,108749,55.11
329,210,108959,55.22
330,191,109150,55.32
331,211,109361,55.42
332,211,109572,55.53
333,197,109769,55.63
334,226,109995,55.74
335,203,110198,55.85
336,216,110414,55.96
337,244,110658,56.08
338,215,110873,56.19
339,186,111059,56.28
340,217,111276,56.39
341,210,111486,56.5
342,218,111704,56.61
343,178,111882,56.7
344,176,112058,56.79
345,211,112269,56.9
346,199,112468,57.0
347,204,112672,57.1
348,206,112878,57.21
349,212,113090,57.31
350,178,113268,57.4
351,218,113486,57.51
352,223,113709,57.63
353,217,113926,57.74
354,209,114135,57.84
355,190,114325,57.94
356,199,114524,58.04
357,203,114727,58.14
358,188,114915,58.24
359,193,115108,58.34
360,195,115303,58.43
361,193,115496,58.53
362,211,115707,58.64
363,211,115918,58.75
364,192,116110,58.84
365,197,116307,58.94
366,206,116513,59.05
367,185,116698,59.14
368,216,116914,59.25
369,186,117100,59.34
370,192,117292,59.44
371,191,117483,59.54
372,222,117705,59.65
373,205,117910,59.76
374,199,118109,59.86
375,215,118324,59.97
376,195,118519,60.06
377,226,118745,60.18
378,191,118936,60.28
379,184,119120,60.37
380,169,119289,60.45
381,194,119483,60.55
382,168,119651,60.64
383,192,119843,60.74
384,206,120049,60.84
385,211,120260,60.95
386,171,120431,61.03
387,210,120641,61.14
388,207,120848,61.24
389,203,121051,61.35
390,189,121240,61.44
391,184,121424,61.54
392,196,121620,61.64
393,175,121795,61.72
394,207,122002,61.83
395,192,122194,61.93
396,188,122382,62.02
397,175,122557,62.11
398,174,122731,62.2
399,171,122902,62.29
400,171,123073,62.37
401,191,123264,62.47
402,186,123450,62.56
403,158,123608,62.64
404,177,123785,62.73
405,162,123947,62.81
406,160,124107,62.9
407,154,124261,62.97
408,178,124439,63.06
409,155,124594,63.14
410,164,124758,63.23
411,169,124927,63.31
412,146,125073,63.39
413,167,125240,63.47
414,156,125396,63.55
415,192,125588,63.65
416,170,125758,63.73
417,172,125930,63.82
418,160,126090,63.9
419,179,126269,63.99
420,204,126473,64.1
421,169,126642,64.18
422,164,126806,64.26
423,161,126967,64.35
424,188,127155,64.44
425,158,127313,64.52
426,167,127480,64.61
427,175,127655,64.69
428,177,127832,64.78
429,187,128019,64.88
430,185,128204,64.97
431,165,128369,65.06
432,187,128556,65.15
433,171,128727,65.24
434,163,128890,65.32
435,198,129088,65.42
436,161,129249,65.5
437,169,129418,65.59
438,181,129599,65.68
439,164,129763,65.76
440,160,129923,65.84
441,170,130093,65.93
442,158,130251,66.01
443,174,130425,66.1
444,168,130593,66.18
445,177,130770,66.27
446,161,130931,66.35
447,189,131120,66.45
448,179,131299,66.54
449,185,131484,66.63
450,158,131642,66.71
451,173,131815,66.8
452,178,131993,66.89
453,168,132161,66.98
454,163,132324,67.06
455,179,132503,67.15
456,157,132660,67.23
457,146,132806,67.3
458,163,132969,67.39
459,169,133138,67.47
460,167,133305,67.56
461,150,133455,67.63
462,184,133639,67.73
463,155,133794,67.81
464,162,133956,67.89
465,159,134115,67.97
466,151,134266,68.04
467,179,134445,68.14
468,158,134603,68.22
469,166,134769,68.3
470,140,134909,68.37
471,160,135069,68.45
472,180,135249,68.54
473,157,135406,68.62
474,152,135558,68.7
475,146,135704,68.77
476,148,135852,68.85
477,158,136010,68.93
478,160,136170,69.01
479,155,136325,69.09
480,148,136473,69.16
481,150,136623,69.24
482,150,136773,69.31
483,136,136909,69.38
484,151,137060,69.46
485,156,137216,69.54
486,134,137350,69.61
487,153,137503,69.68
488,141,137644,69.76
489,134,137778,69.82
490,144,137922,69.9
491,156,138078,69.98
492,155,138233,70.05
493,153,138386,70.13
494,174,138560,70.22
495,158,138718,70.3
496,152,138870,70.38
497,181,139051,70.47
498,166,139217,70.55
499,145,139362,70.63
500,146,139508,70.7
501,144,139652,70.77
502,146,139798,70.85
503,142,139940,70.92
504,139,140079,70.99
505,139,140218,71.06
506,151,140369,71.14
507,135,140504,71.21
508,154,140658,71.28
509,168,140826,71.37
510,145,140971,71.44
511,148,141119,71.52
512,158,141277,71.6
513,167,141444,71.68
514,138,141582,71.75
515,169,141751,71.84
516,145,141896,71.91
517,162,142058,71.99
518,156,142214,72.07
519,121,142335,72.13
520,129,142464,72.2
521,154,142618,72.28
522,153,142771,72.35
523,137,142908,72.42
524,145,143053,72.5
525,166,143219,72.58
526,139,143358,72.65
527,150,143508,72.73
528,140,143648,72.8
529,137,143785,72.87
530,147,143932,72.94
531,139,144071,73.01
532,145,144216,73.09
533,148,144364,73.16
534,128,144492,73.23
535,146,144638,73.3
536,128,144766,73.37
537,114,144880,73.42
538,141,145021,73.49
539,148,145169,73.57
540,132,145301,73.64
541,151,145452,73.71
542,138,145590,73.78
543,131,145721,73.85
544,107,145828,73.9
545,116,145944,73.96
546,145,146089,74.04
547,137,146226,74.11
548,128,146354,74.17
549,135,146489,74.24
550,140,146629,74.31
551,132,146761,74.38
552,125,146886,74.44
553,132,147018,74.51
554,133,147151,74.57
555,134,147285,74.64
556,131,147416,74.71
557,142,147558,74.78
558,150,147708,74.86
559,132,147840,74.92
560,146,147986,75.0
561,139,148125,75.07
562,119,148244,75.13
563,107,148351,75.18
564,136,148487,75.25
565,105,148592,75.3
566,123,148715,75.37
567,146,148861,75.44
568,111,148972,75.5
569,134,149106,75.57
570,107,149213,75.62
571,109,149322,75.67
572,123,149445,75.74
573,113,149558,75.79
574,109,149667,75.85
575,149,149816,75.93
576,130,149946,75.99
577,132,150078,76.06
578,136,150214,76.13
579,97,150311,76.18
580,149,150460,76.25
581,127,150587,76.32
582,129,150716,76.38
583,135,150851,76.45
584,111,150962,76.51
585,126,151088,76.57
586,115,151203,76.63
587,130,151333,76.69
588,134,151467,76.76
589,125,151592,76.83
590,120,151712,76.89
591,140,151852,76.96
592,130,151982,77.02
593,125,152107,77.09
594,129,152236,77.15
595,129,152365,77.22
596,116,152481,77.28
597,123,152604,77.34
598,126,152730,77.4
599,99,152829,77.45
600,103,152932,77.5
601,120,153052,77.56
602,125,153177,77.63
603,111,153288,77.68
604,117,153405,77.74
605,106,153511,77.8
606,110,153621,77.85
607,101,153722,77.9
608,113,153835,77.96
609,116,153951,78.02
610,120,154071,78.08
611,137,154208,78.15
612,141,154349,78.22
613,112,154461,78.28
614,134,154595,78.35
615,118,154713,78.41
616,116,154829,78.47
617,112,154941,78.52
618,107,155048,78.58
619,108,155156,78.63
620,108,155264,78.69
621,101,155365,78.74
622,113,155478,78.79
623,114,155592,78.85
624,123,155715,78.91
625,86,155801,78.96
626,113,155914,79.02
627,113,156027,79.07
628,105,156132,79.13
629,104,156236,79.18
630,124,156360,79.24
631,104,156464,79.29
632,114,156578,79.35
633,106,156684,79.41
634,96,156780,79.45
635,103,156883,79.51
636,110,156993,79.56
637,118,157111,79.62
638,120,157231,79.68
639,101,157332,79.73
640,114,157446,79.79
641,109,157555,79.85
642,98,157653,79.9
643,103,157756,79.95
644,113,157869,80.01
645,111,157980,80.06
646,114,158094,80.12
647,117,158211,80.18
648,97,158308,80.23
649,96,158404,80.28
650,94,158498,80.32
651,103,158601,80.38
652,113,158714,80.43
653,104,158818,80.49
654,114,158932,80.54
655,101,159033,80.6
656,90,159123,80.64
657,103,159226,80.69
658,89,159315,80.74
659,80,159395,80.78
660,99,159494,80.83
661,103,159597,80.88
662,114,159711,80.94
663,107,159818,80.99
664,118,159936,81.05
665,93,160029,81.1
666,103,160132,81.15
667,93,160225,81.2
668,105,160330,81.25
669,95,160425,81.3
670,110,160535,81.36
671,99,160634,81.41
672,88,160722,81.45
673,101,160823,81.5
674,105,160928,81.56
675,113,161041,81.61
676,86,161127,81.66
677,99,161226,81.71
678,112,161338,81.76
679,125,161463,81.83
680,108,161571,81.88
681,96,161667,81.93
682,89,161756,81.98
683,93,161849,82.02
684,103,161952,82.08
685,100,162052,82.13
686,103,162155,82.18
687,98,162253,82.23
688,95,162348,82.28
689,76,162424,82.31
690,76,162500,82.35
691,93,162593,82.4
692,86,162679,82.44
693,111,162790,82.5
694,98,162888,82.55
695,91,162979,82.6
696,110,163089,82.65
697,117,163206,82.71
698,92,163298,82.76
699,90,163388,82.8
700,95,163483,82.85
701,91,163574,82.9
702,97,163671,82.95
703,96,163767,83.0
704,107,163874,83.05
705,91,163965,83.1
706,101,164066,83.15
707,88,164154,83.19
708,81,164235,83.23
709,97,164332,83.28
710,97,164429,83.33
711,93,164522,83.38
712,95,164617,83.43
713,95,164712,83.47
714,88,164800,83.52
715,85,164885,83.56
716,97,164982,83.61
717,92,165074,83.66
718,81,165155,83.7
719,101,165256,83.75
720,91,165347,83.8
721,85,165432,83.84
722,99,165531,83.89
723,90,165621,83.93
724,100,165721,83.99
725,84,165805,84.03
726,85,165890,84.07
727,81,165971,84.11
728,82,166053,84.15
729,90,166143,84.2
730,90,166233,84.24
731,88,166321,84.29
732,82,166403,84.33
733,83,166486,84.37
734,70,166556,84.41
735,88,166644,84.45
736,77,166721,84.49
737,78,166799,84.53
738,74,166873,84.57
739,78,166951,84.61
740,73,167024,84.65
741,83,167107,84.69
742,89,167196,84.73
743,109,167305,84.79
744,76,167381,84.83
745,91,167472,84.87
746,69,167541,84.91
747,74,167615,84.95
748,69,167684,84.98
749,79,167763,85.02
750,87,167850,85.06
751,82,167932,85.11
752,75,168007,85.14
753,67,168074,85.18
754,76,168150,85.22
755,75,168225,85.25
756,73,168298,85.29
757,61,168359,85.32
758,67,168426,85.36
759,69,168495,85.39
760,77,168572,85.43
761,89,168661,85.48
762,76,168737,85.51
763,65,168802,85.55
764,67,168869,85.58
765,66,168935,85.61
766,79,169014,85.65
767,78,169092,85.69
768,76,169168,85.73
769,78,169246,85.77
770,77,169323,85.81
771,82,169405,85.85
772,68,169473,85.89
773,80,169553,85.93
774,80,169633,85.97
775,57,169690,86.0
776,75,169765,86.03
777,82,169847,86.08
778,59,169906,86.11
779,78,169984,86.15
780,78,170062,86.19
781,69,170131,86.22
782,85,170216,86.26
783,86,170302,86.31
784,71,170373,86.34
785,64,170437,86.38
786,70,170507,86.41
787,72,170579,86.45
788,76,170655,86.49
789,63,170718,86.52
790,71,170789,86.55
791,59,170848,86.58
792,69,170917,86.62
793,74,170991,86.66
794,79,171070,86.7
795,77,171147,86.74
796,73,171220,86.77
797,70,171290,86.81
798,77,171367,86.85
799,92,171459,86.89
800,89,171548,86.94
801,61,171609,86.97
802,62,171671,87.0
803,73,171744,87.04
804,75,171819,87.08
805,73,171892,87.11
806,75,171967,87.15
807,67,172034,87.18
808,71,172105,87.22
809,65,172170,87.25
810,64,172234,87.29
811,74,172308,87.32
812,85,172393,87.37
813,69,172462,87.4
814,71,172533,87.44
815,65,172598,87.47
816,56,172654,87.5
817,71,172725,87.54
818,74,172799,87.57
819,67,172866,87.61
820,49,172915,87.63
821,67,172982,87.67
822,74,173056,87.7
823,71,173127,87.74
824,66,173193,87.77
825,60,173253,87.8
826,66,173319,87.84
827,64,173383,87.87
828,49,173432,87.89
829,59,173491,87.92
830,83,173574,87.97
831,77,173651,88.0
832,67,173718,88.04
833,67,173785,88.07
834,53,173838,88.1
835,69,173907,88.13
836,73,173980,88.17
837,62,174042,88.2
838,61,174103,88.23
839,46,174149,88.26
840,82,174231,88.3
841,59,174290,88.33
842,66,174356,88.36
843,70,174426,88.4
844,64,174490,88.43
845,70,174560,88.46
846,56,174616,88.49
847,63,174679,88.53
848,67,174746,88.56
849,62,174808,88.59
850,72,174880,88.63
851,49,174929,88.65
852,66,174995,88.69
853,47,175042,88.71
854,60,175102,88.74
855,54,175156,88.77
856,54,175210,88.79
857,65,175275,88.83
858,59,175334,88.86
859,47,175381,88.88
860,59,175440,88.91
861,55,175495,88.94
862,56,175551,88.97
863,65,175616,89.0
864,48,175664,89.02
865,63,175727,89.06
866,67,175794,89.09
867,46,175840,89.11
868,60,175900,89.14
869,57,175957,89.17
870,46,176003,89.2
871,63,176066,89.23
872,61,176127,89.26
873,63,176190,89.29
874,66,176256,89.32
875,55,176311,89.35
876,61,176372,89.38
877,53,176425,89.41
878,54,176479,89.44
879,54,176533,89.46
880,43,176576,89.49
881,55,176631,89.51
882,57,176688,89.54
883,54,176742,89.57
884,68,176810,89.61
885,58,176868,89.63
886,58,176926,89.66
887,53,176979,89.69
888,49,177028,89.72
889,52,177080,89.74
890,52,177132,89.77
891,55,177187,89.8
892,61,177248,89.83
893,47,177295,89.85
894,61,177356,89.88
895,56,177412,89.91
896,66,177478,89.94
897,38,177516,89.96
898,62,177578,89.99
899,56,177634,90.02
900,66,177700,90.06
901,59,177759,90.09
902,51,177810,90.11
903,43,177853,90.13
904,57,177910,90.16
905,49,177959,90.19
906,37,177996,90.21
907,59,178055,90.24
908,60,178115,90.27
909,55,178170,90.29
910,54,178224,90.32
911,56,178280,90.35
912,57,178337,90.38
913,41,178378,90.4
914,50,178428,90.43
915,51,178479,90.45
916,47,178526,90.47
917,54,178580,90.5
918,60,178640,90.53
919,50,178690,90.56
920,64,178754,90.59
921,54,178808,90.62
922,51,178859,90.64
923,47,178906,90.67
924,51,178957,90.69
925,53,179010,90.72
926,41,179051,90.74
927,56,179107,90.77
928,43,179150,90.79
929,51,179201,90.82
930,54,179255,90.84
931,41,179296,90.87
932,38,179334,90.88
933,40,179374,90.9
934,52,179426,90.93
935,58,179484,90.96
936,44,179528,90.98
937,55,179583,91.01
938,38,179621,91.03
939,43,179664,91.05
940,35,179699,91.07
941,49,179748,91.09
942,47,179795,91.12
943,38,179833,91.14
944,48,179881,91.16
945,53,179934,91.19
946,53,179987,91.22
947,43,180030,91.24
948,52,180082,91.26
949,50,180132,91.29
950,47,180179,91.31
951,53,180232,91.34
952,49,180281,91.36
953,41,180322,91.39
954,44,180366,91.41
955,43,180409,91.43
956,47,180456,91.45
957,48,180504,91.48
958,45,180549,91.5
959,50,180599,91.53
960,41,180640,91.55
961,53,180693,91.57
962,42,180735,91.59
963,37,180772,91.61
964,42,180814,91.63
965,39,180853,91.65
966,30,180883,91.67
967,41,180924,91.69
968,46,180970,91.71
969,50,181020,91.74
970,38,181058,91.76
971,38,181096,91.78
972,46,181142,91.8
973,46,181188,91.82
974,39,181227,91.84
975,60,181287,91.87
976,49,181336,91.9
977,37,181373,91.92
978,34,181407,91.93
979,50,181457,91.96
980,40,181497,91.98
981,39,181536,92.0
982,70,181606,92.04
983,40,181646,92.06
984,34,181680,92.07
985,43,181723,92.1
986,41,181764,92.12
987,30,181794,92.13
988,55,181849,92.16
989,47,181896,92.18
990,31,181927,92.2
991,47,181974,92.22
992,46,182020,92.25
993,38,182058,92.26
994,42,182100,92.29
995,48,182148,92.31
996,46,182194,92.33
997,36,182230,92.35
998,51,182281,92.38
999,45,182326,92.4
1000,34,182360,92.42
1001,44,182404,92.44
1002,45,182449,92.46
1003,36,182485,92.48
1004,46,182531,92.5
1005,45,182576,92.53
1006,50,182626,92.55
1007,37,182663,92.57
1008,33,182696,92.59
1009,34,182730,92.61
1010,38,182768,92.62
1011,41,182809,92.65
1012,32,182841,92.66
1013,26,182867,92.67
1014,46,182913,92.7
1015,37,182950,92.72
1016,35,182985,92.73
1017,46,183031,92.76
1018,45,183076,92.78
1019,35,183111,92.8
1020,35,183146,92.82
1021,39,183185,92.84
1022,31,183216,92.85
1023,28,183244,92.87
1024,40,183284,92.89
1025,42,183326,92.91
1026,42,183368,92.93
1027,44,183412,92.95
1028,42,183454,92.97
1029,41,183495,92.99
1030,39,183534,93.01
1031,34,183568,93.03
1032,27,183595,93.04
1033,35,183630,93.06
1034,39,183669,93.08
1035,29,183698,93.1
1036,44,183742,93.12
1037,29,183771,93.13
1038,24,183795,93.15
1039,34,183829,93.16
1040,42,183871,93.18
1041,27,183898,93.2
1042,39,183937,93.22
1043,31,183968,93.23
1044,48,184016,93.26
1045,38,184054,93.28
1046,29,184083,93.29
1047,39,184122,93.31
1048,29,184151,93.33
1049,34,184185,93.34
1050,32,184217,93.36
1051,33,184250,93.38
1052,32,184282,93.39
1053,27,184309,93.41
1054,41,184350,93.43
1055,40,184390,93.45
1056,30,184420,93.46
1057,32,184452,93.48
1058,35,184487,93.5
1059,36,184523,93.51
1060,34,184557,93.53
1061,42,184599,93.55
1062,35,184634,93.57
1063,34,184668,93.59
1064,36,184704,93.61
1065,36,184740,93.62
1066,39,184779,93.64
1067,32,184811,93.66
1068,34,184845,93.68
1069,40,184885,93.7
1070,29,184914,93.71
1071,38,184952,93.73
1072,36,184988,93.75
1073,35,185023,93.77
1074,20,185043,93.78
1075,40,185083,93.8
1076,31,185114,93.81
1077,41,185155,93.83
1078,25,185180,93.85
1079,36,185216,93.87
1080,33,185249,93.88
1081,36,185285,93.9
1082,28,185313,93.91
1083,41,185354,93.94
1084,30,185384,93.95
1085,32,185416,93.97
1086,31,185447,93.98
1087,40,185487,94.0
1088,33,185520,94.02
1089,35,185555,94.04
1090,29,185584,94.05
1091,41,185625,94.07
1092,36,185661,94.09
1093,39,185700,94.11
1094,26,185726,94.12
1095,27,185753,94.14
1096,23,185776,94.15
1097,38,185814,94.17
1098,35,185849,94.19
1099,36,185885,94.2
1100,28,185913,94.22
1101,24,185937,94.23
1102,29,185966,94.25
1103,35,186001,94.26
1104,15,186016,94.27
1105,32,186048,94.29
1106,28,186076,94.3
1107,24,186100,94.31
1108,24,186124,94.33
1109,31,186155,94.34
1110,31,186186,94.36
1111,25,186211,94.37
1112,31,186242,94.39
1113,27,186269,94.4
1114,24,186293,94.41
1115,37,186330,94.43
1116,27,186357,94.44
1117,28,186385,94.46
1118,21,186406,94.47
1119,29,186435,94.48
1120,37,186472,94.5
1121,32,186504,94.52
1122,31,186535,94.53
1123,28,186563,94.55
1124,25,186588,94.56
1125,23,186611,94.57
1126,31,186642,94.59
1127,28,186670,94.6
1128,33,186703,94.62
1129,23,186726,94.63
1130,23,186749,94.64
1131,26,186775,94.66
1132,29,186804,94.67
1133,26,186830,94.68
1134,34,186864,94.7
1135,17,186881,94.71
1136,23,186904,94.72
1137,25,186929,94.73
1138,29,186958,94.75
1139,25,186983,94.76
1140,25,187008,94.77
1141,41,187049,94.79
1142,21,187070,94.8
1143,27,187097,94.82
1144,30,187127,94.83
1145,25,187152,94.85
1146,25,187177,94.86
1147,24,187201,94.87
1148,26,187227,94.88
1149,37,187264,94.9
1150,26,187290,94.92
1151,28,187318,94.93
1152,27,187345,94.94
1153,33,187378,94.96
1154,29,187407,94.98
1155,23,187430,94.99
1156,12,187442,94.99
1157,31,187473,95.01
1158,24,187497,95.02
1159,21,187518,95.03
1160,19,187537,95.04
1161,30,187567,95.06
1162,30,187597,95.07
1163,18,187615,95.08
1164,29,187644,95.1
1165,26,187670,95.11
1166,28,187698,95.12
1167,25,187723,95.14
1168,24,187747,95.15
1169,21,187768,95.16
1170,16,187784,95.17
1171,26,187810,95.18
1172,15,187825,95.19
1173,16,187841,95.2
1174,31,187872,95.21
1175,32,187904,95.23
1176,19,187923,95.24
1177,26,187949,95.25
1178,22,187971,95.26
1179,20,187991,95.27
1180,29,188020,95.29
1181,17,188037,95.29
1182,21,188058,95.31
1183,20,188078,95.32
1184,24,188102,95.33
1185,27,188129,95.34
1186,26,188155,95.35
1187,35,188190,95.37
1188,25,188215,95.39
1189,31,188246,95.4
1190,28,188274,95.42
1191,25,188299,95.43
1192,29,188328,95.44
1193,19,188347,95.45
1194,24,188371,95.46
1195,28,188399,95.48
1196,18,188417,95.49
1197,22,188439,95.5
1198,20,188459,95.51
1199,27,188486,95.52
1200,25,188511,95.54
1201,28,188539,95.55
1202,23,188562,95.56
1203,23,188585,95.57
1204,26,188611,95.59
1205,23,188634,95.6
1206,21,188655,95.61
1207,21,188676,95.62
1208,21,188697,95.63
1209,34,188731,95.65
1210,15,188746,95.65
1211,31,188777,95.67
1212,16,188793,95.68
1213,19,188812,95.69
1214,32,188844,95.7
1215,19,188863,95.71
1216,28,188891,95.73
1217,24,188915,95.74
1218,26,188941,95.75
1219,19,188960,95.76
1220,23,188983,95.77
1221,17,189000,95.78
1222,21,189021,95.79
1223,16,189037,95.8
1224,23,189060,95.81
1225,18,189078,95.82
1226,23,189101,95.83
1227,16,189117,95.84
1228,22,189139,95.85
1229,24,189163,95.87
1230,27,189190,95.88
1231,23,189213,95.89
1232,15,189228,95.9
1233,19,189247,95.91
1234,26,189273,95.92
1235,22,189295,95.93
1236,13,189308,95.94
1237,13,189321,95.95
1238,21,189342,95.96
1239,18,189360,95.97
1240,20,189380,95.98
1241,19,189399,95.99
1242,28,189427,96.0
1243,22,189449,96.01
1244,31,189480,96.03
1245,28,189508,96.04
1246,13,189521,96.05
1247,16,189537,96.06
1248,21,189558,96.07
1249,21,189579,96.08
1250,27,189606,96.09
1251,21,189627,96.1
1252,25,189652,96.11
1253,18,189670,96.12
1254,26,189696,96.14
1255,15,189711,96.14
1256,17,189728,96.15
1257,20,189748,96.16
1258,35,189783,96.18
1259,19,189802,96.19
1260,24,189826,96.2
1261,18,189844,96.21
1262,17,189861,96.22
1263,22,189883,96.23
1264,22,189905,96.24
1265,26,189931,96.25
1266,18,189949,96.26
1267,24,189973,96.28
1268,21,189994,96.29
1269,12,190006,96.29
1270,16,190022,96.3
1271,16,190038,96.31
1272,6,190044,96.31
1273,14,190058,96.32
1274,23,190081,96.33
1275,19,190100,96.34
1276,18,190118,96.35
1277,20,190138,96.36
1278,14,190152,96.37
1279,11,190163,96.37
1280,21,190184,96.38
1281,22,190206,96.39
1282,11,190217,96.4
1283,17,190234,96.41
1284,11,190245,96.41
1285,12,190257,96.42
1286,21,190278,96.43
1287,18,190296,96.44
1288,19,190315,96.45
1289,16,190331,96.46
1290,13,190344,96.46
1291,22,190366,96.48
1292,23,190389,96.49
1293,15,190404,96.49
1294,16,190420,96.5
1295,14,190434,96.51
1296,20,190454,96.52
1297,17,190471,96.53
1298,15,190486,96.54
1299,19,190505,96.55
1300,16,190521,96.55
1301,17,190538,96.56
1302,16,190554,96.57
1303,22,190576,96.58
1304,8,190584,96.59
1305,15,190599,96.59
1306,14,190613,96.6
1307,16,190629,96.61
1308,20,190649,96.62
1309,19,190668,96.63
1310,17,190685,96.64
1311,13,190698,96.64
1312,11,190709,96.65
1313,10,190719,96.65
1314,25,190744,96.67
1315,14,190758,96.67
1316,12,190770,96.68
1317,14,190784,96.69
1318,22,190806,96.7
1319,10,190816,96.7
1320,20,190836,96.71
1321,17,190853,96.72
1322,25,190878,96.73
1323,18,190896,96.74
1324,16,190912,96.75
1325,19,190931,96.76
1326,22,190953,96.77
1327,22,190975,96.78
1328,14,190989,96.79
1329,14,191003,96.8
1330,12,191015,96.8
1331,14,191029,96.81
1332,7,191036,96.81
1333,11,191047,96.82
1334,12,191059,96.83
1335,21,191080,96.84
1336,15,191095,96.84
1337,19,191114,96.85
1338,13,191127,96.86
1339,14,191141,96.87
1340,18,191159,96.88
1341,21,191180,96.89
1342,16,191196,96.9
1343,13,191209,96.9
1344,22,191231,96.91
1345,22,191253,96.92
1346,14,191267,96.93
1347,17,191284,96.94
1348,12,191296,96.95
1349,16,191312,96.95
1350,19,191331,96.96
1351,13,191344,96.97
1352,13,191357,96.98
1353,16,191373,96.99
1354,10,191383,96.99
1355,22,191405,97.0
1356,19,191424,97.01
1357,10,191434,97.02
1358,12,191446,97.02
1359,16,191462,97.03
1360,16,191478,97.04
1361,9,191487,97.04
1362,17,191504,97.05
1363,13,191517,97.06
1364,16,191533,97.07
1365,17,191550,97.08
1366,19,191569,97.08
1367,8,191577,97.09
1368,10,191587,97.09
1369,15,191602,97.1
1370,10,191612,97.11
1371,10,191622,97.11
1372,18,191640,97.12
1373,12,191652,97.13
1374,9,191661,97.13
1375,16,191677,97.14
1376,10,191687,97.14
1377,17,191704,97.15
1378,12,191716,97.16
1379,12,191728,97.17
1380,14,191742,97.17
1381,19,191761,97.18
1382,16,191777,97.19
1383,15,191792,97.2
1384,8,191800,97.2
1385,13,191813,97.21
1386,14,191827,97.22
1387,9,191836,97.22
1388,11,191847,97.23
1389,20,191867,97.24
1390,16,191883,97.24
1391,12,191895,97.25
1392,17,191912,97.26
1393,15,191927,97.27
1394,17,191944,97.27
1395,10,191954,97.28
1396,18,191972,97.29
1397,15,191987,97.3
1398,12,191999,97.3
1399,17,192016,97.31
1400,7,192023,97.32
1401,9,192032,97.32
1402,15,192047,97.33
1403,12,192059,97.33
1404,12,192071,97.34
1405,12,192083,97.35
1406,15,192098,97.35
1407,19,192117,97.36
1408,8,192125,97.37
1409,19,192144,97.38
1410,10,192154,97.38
1411,7,192161,97.38
1412,8,192169,97.39
1413,7,192176,97.39
1414,14,192190,97.4
1415,13,192203,97.41
1416,12,192215,97.41
1417,11,192226,97.42
1418,10,192236,97.42
1419,17,192253,97.43
1420,15,192268,97.44
1421,17,192285,97.45
1422,10,192295,97.45
1423,13,192308,97.46
1424,21,192329,97.47
1425,11,192340,97.48
1426,10,192350,97.48
1427,9,192359,97.49
1428,15,192374,97.49
1429,11,192385,97.5
1430,8,192393,97.5
1431,17,192410,97.51
1432,13,192423,97.52
1433,13,192436,97.52
1434,7,192443,97.53
1435,14,192457,97.53
1436,9,192466,97.54
1437,14,192480,97.55
1438,12,192492,97.55
1439,10,192502,97.56
1440,9,192511,97.56
1441,13,192524,97.57
1442,16,192540,97.58
1443,14,192554,97.58
1444,17,192571,97.59
1445,17,192588,97.6
1446,12,192600,97.61
1447,12,192612,97.61
1448,13,192625,97.62
1449,17,192642,97.63
1450,13,192655,97.64
1451,7,192662,97.64
1452,10,192672,97.64
1453,16,192688,97.65
1454,6,192694,97.66
1455,11,192705,97.66
1456,5,192710,97.66
1457,15,192725,97.67
1458,14,192739,97.68
1459,14,192753,97.68
1460,12,192765,97.69
1461,12,192777,97.7
1462,14,192791,97.7
1463,11,192802,97.71
1464,10,192812,97.71
1465,8,192820,97.72
1466,9,192829,97.72
1467,10,192839,97.73
1468,13,192852,97.74
1469,13,192865,97.74
1470,11,192876,97.75
1471,11,192887,97.75
1472,15,192902,97.76
1473,8,192910,97.76
1474,9,192919,97.77
1475,9,192928,97.77
1476,7,192935,97.78
1477,9,192944,97.78
1478,10,192954,97.79
1479,10,192964,97.79
1480,14,192978,97.8
1481,8,192986,97.8
1482,10,192996,97.81
1483,5,193001,97.81
1484,14,193015,97.82
1485,15,193030,97.83
1486,12,193042,97.83
1487,5,193047,97.83
1488,4,193051,97.84
1489,7,193058,97.84
1490,13,193071,97.85
1491,8,193079,97.85
1492,9,193088,97.85
1493,9,193097,97.86
1494,7,193104,97.86
1495,8,193112,97.87
1496,8,193120,97.87
1497,4,193124,97.87
1498,12,193136,97.88
1499,10,193146,97.88
1500,8,193154,97.89
1501,10,193164,97.89
1502,10,193174,97.9
1503,9,193183,97.9
1504,8,193191,97.91
1505,10,193201,97.91
1506,3,193204,97.91
1507,10,193214,97.92
1508,6,193220,97.92
1509,4,193224,97.92
1510,6,193230,97.93
1511,12,193242,97.93
1512,8,193250,97.94
1513,9,193259,97.94
1514,8,193267,97.95
1515,16,193283,97.95
1516,8,193291,97.96
1517,11,193302,97.96
1518,11,193313,97.97
1519,12,193325,97.97
1520,14,193339,97.98
1521,12,193351,97.99
1522,16,193367,98.0
1523,8,193375,98.0
1524,8,193383,98.0
1525,10,193393,98.01
1526,9,193402,98.01
1527,8,193410,98.02
1528,10,193420,98.02
1529,6,193426,98.03
1530,6,193432,98.03
1531,9,193441,98.03
1532,13,193454,98.04
1533,9,193463,98.04
1534,4,193467,98.05
1535,7,193474,98.05
1536,9,193483,98.05
1537,10,193493,98.06
1538,5,193498,98.06
1539,9,193507,98.07
1540,8,193515,98.07
1541,8,193523,98.08
1542,7,193530,98.08
1543,11,193541,98.08
1544,10,193551,98.09
1545,10,193561,98.09
1546,9,193570,98.1
1547,6,193576,98.1
1548,8,193584,98.11
1549,8,193592,98.11
1550,7,193599,98.11
1551,4,193603,98.12
1552,9,193612,98.12
1553,7,193619,98.12
1554,5,193624,98.13
1555,10,193634,98.13
1556,6,193640,98.13
1557,9,193649,98.14
1558,12,193661,98.15
1559,11,193672,98.15
1560,6,193678,98.15
1561,12,193690,98.16
1562,11,193701,98.17
1563,7,193708,98.17
1564,12,193720,98.18
1565,8,193728,98.18
1566,9,193737,98.18
1567,9,193746,98.19
1568,6,193752,98.19
1569,9,193761,98.2
1570,6,193767,98.2
1571,10,193777,98.2
1572,10,193787,98.21
1573,5,193792,98.21
1574,7,193799,98.22
1575,9,193808,98.22
1576,6,193814,98.22
1577,3,193817,98.22
1578,7,193824,98.23
1579,11,193835,98.23
1580,9,193844,98.24
1581,4,193848,98.24
1582,11,193859,98.25
1583,3,193862,98.25
1584,10,193872,98.25
1585,9,193881,98.26
1586,5,193886,98.26
1587,7,193893,98.26
1588,6,193899,98.27
1589,11,193910,98.27
1590,11,193921,98.28
1591,7,193928,98.28
1592,6,193934,98.28
1593,8,193942,98.29
1594,8,193950,98.29
1595,4,193954,98.29
1596,12,193966,98.3
1597,7,193973,98.3
1598,13,193986,98.31
1599,7,193993,98.31
1600,8,194001,98.32
1601,5,194006,98.32
1602,10,194016,98.33
1603,5,194021,98.33
1604,4,194025,98.33
1605,6,194031,98.33
1606,4,194035,98.33
1607,7,194042,98.34
1608,10,194052,98.34
1609,5,194057,98.35
1610,5,194062,98.35
1611,7,194069,98.35
1612,14,194083,98.36
1613,8,194091,98.36
1614,11,194102,98.37
1615,8,194110,98.37
1616,4,194114,98.37
1617,8,194122,98.38
1618,7,194129,98.38
1619,5,194134,98.38
1620,5,194139,98.39
1621,8,194147,98.39
1622,5,194152,98.39
1623,4,194156,98.4
1624,9,194165,98.4
1625,6,194171,98.4
1626,4,194175,98.41
1627,6,194181,98.41
1628,7,194188,98.41
1629,4,194192,98.41
1630,2,194194,98.42
1631,6,194200,98.42
1632,12,194212,98.42
1633,8,194220,98.43
1634,6,194226,98.43
1635,6,194232,98.43
1636,7,194239,98.44
1637,8,194247,98.44
1638,10,194257,98.45
1639,4,194261,98.45
1640,5,194266,98.45
1641,8,194274,98.46
1642,14,194288,98.46
1643,5,194293,98.47
1644,12,194305,98.47
1645,8,194313,98.48
1646,5,194318,98.48
1647,9,194327,98.48
1648,8,194335,98.49
1649,6,194341,98.49
1650,5,194346,98.49
1651,6,194352,98.5
1652,6,194358,98.5
1653,8,194366,98.5
1654,10,194376,98.51
1655,4,194380,98.51
1656,5,194385,98.51
1657,7,194392,98.52
1658,6,194398,98.52
1659,6,194404,98.52
1660,10,194414,98.53
1661,4,194418,98.53
1662,10,194428,98.53
1663,4,194432,98.54
1664,5,194437,98.54
1665,2,194439,98.54
1666,7,194446,98.54
1667,9,194455,98.55
1668,10,194465,98.55
1669,6,194471,98.56
1670,8,194479,98.56
1671,6,194485,98.56
1672,7,194492,98.57
1673,8,194500,98.57
1674,3,194503,98.57
1675,5,194508,98.57
1676,5,194513,98.58
1677,3,194516,98.58
1678,4,194520,98.58
1679,8,194528,98.58
1680,4,194532,98.59
1681,4,194536,98.59
1682,9,194545,98.59
1683,7,194552,98.6
1684,1,194553,98.6
1685,9,194562,98.6
1686,5,194567,98.6
1687,8,194575,98.61
1688,4,194579,98.61
1689,5,194584,98.61
1690,6,194590,98.62
1691,5,194595,98.62
1692,6,194601,98.62
1693,6,194607,98.62
1694,2,194609,98.63
1695,7,194616,98.63
1696,8,194624,98.63
1697,2,194626,98.63
1698,4,194630,98.64
1699,7,194637,98.64
1700,8,194645,98.64
1701,7,194652,98.65
1702,6,194658,98.65
1703,5,194663,98.65
1704,7,194670,98.66
1705,7,194677,98.66
1706,2,194679,98.66
1707,8,194687,98.67
1708,8,194695,98.67
1709,6,194701,98.67
1710,4,194705,98.67
1711,2,194707,98.68
1712,7,194714,98.68
1713,7,194721,98.68
1714,4,194725,98.68
1715,7,194732,98.69
1716,4,194736,98.69
1717,3,194739,98.69
1718,10,194749,98.7
1719,7,194756,98.7
1720,4,194760,98.7
1721,9,194769,98.71
1722,10,194779,98.71
1723,3,194782,98.71
1724,2,194784,98.71
1725,4,194788,98.72
1726,5,194793,98.72
1727,5,194798,98.72
1728,6,194804,98.72
1729,6,194810,98.73
1730,9,194819,98.73
1731,2,194821,98.73
1732,5,194826,98.74
1733,3,194829,98.74
1734,3,194832,98.74
1735,7,194839,98.74
1736,1,194840,98.74
1737,5,194845,98.75
1738,6,194851,98.75
1739,8,194859,98.75
1740,5,194864,98.75
1741,4,194868,98.76
1742,3,194871,98.76
1743,7,194878,98.76
1744,5,194883,98.76
1745,6,194889,98.77
1746,7,194896,98.77
1747,3,194899,98.77
1748,3,194902,98.77
1749,5,194907,98.78
1750,8,194915,98.78
1751,3,194918,98.78
1752,4,194922,98.78
1753,2,194924,98.79
1754,4,194928,98.79
1755,4,194932,98.79
1756,1,194933,98.79
1757,5,194938,98.79
1758,7,194945,98.8
1759,2,194947,98.8
1760,4,194951,98.8
1761,5,194956,98.8
1762,4,194960,98.8
1763,4,194964,98.81
1764,5,194969,98.81
1765,9,194978,98.81
1766,2,194980,98.81
1767,6,194986,98.82
1768,5,194991,98.82
1769,6,194997,98.82
1770,6,195003,98.83
1771,3,195006,98.83
1772,3,195009,98.83
1773,5,195014,98.83
1774,5,195019,98.83
1775,5,195024,98.84
1776,7,195031,98.84
1777,2,195033,98.84
1778,8,195041,98.84
1780,3,195044,98.85
1781,4,195048,98.85
1782,4,195052,98.85
1783,5,195057,98.85
1784,6,195063,98.86
1785,3,195066,98.86
1786,9,195075,98.86
1787,5,195080,98.86
1788,2,195082,98.87
1789,6,195088,98.87
1790,1,195089,98.87
1791,5,195094,98.87
1792,6,195100,98.87
1793,6,195106,98.88
1794,5,195111,98.88
1795,3,195114,98.88
1796,2,195116,98.88
1797,2,195118,98.88
1798,5,195123,98.89
1799,5,195128,98.89
1800,1,195129,98.89
1801,6,195135,98.89
1802,1,195136,98.89
1803,2,195138,98.89
1804,4,195142,98.9
1805,4,195146,98.9
1806,4,195150,98.9
1807,4,195154,98.9
1808,2,195156,98.9
1809,6,195162,98.91
1810,3,195165,98.91
1811,4,195169,98.91
1812,7,195176,98.91
1813,4,195180,98.91
1814,4,195184,98.92
1815,4,195188,98.92
1816,7,195195,98.92
1817,2,195197,98.92
1818,3,195200,98.93
1819,5,195205,98.93
1820,4,195209,98.93
1821,4,195213,98.93
1822,2,195215,98.93
1824,2,195217,98.93
1825,3,195220,98.94
1826,3,195223,98.94
1827,3,195226,98.94
1828,5,195231,98.94
1829,4,195235,98.94
1830,5,195240,98.95
1832,5,195245,98.95
1833,7,195252,98.95
1834,2,195254,98.95
1835,5,195259,98.96
1836,4,195263,98.96
1837,5,195268,98.96
1838,6,195274,98.96
1839,4,195278,98.96
1840,3,195281,98.97
1841,3,195284,98.97
1842,3,195287,98.97
1843,3,195290,98.97
1844,4,195294,98.97
1845,3,195297,98.97
1846,8,195305,98.98
1847,2,195307,98.98
1848,4,195311,98.98
1849,3,195314,98.98
1850,8,195322,98.99
1851,2,195324,98.99
1852,4,195328,98.99
1853,4,195332,98.99
1854,6,195338,99.0
1855,2,195340,99.0
1856,3,195343,99.0
1857,2,195345,99.0
1858,4,195349,99.0
1859,4,195353,99.0
1860,2,195355,99.0
1861,3,195358,99.01
1862,4,195362,99.01
1863,6,195368,99.01
1864,5,195373,99.01
1865,2,195375,99.01
1866,3,195378,99.02
1867,2,195380,99.02
1868,4,195384,99.02
1869,1,195385,99.02
1870,3,195388,99.02
1871,1,195389,99.02
1872,2,195391,99.02
1873,5,195396,99.02
1874,4,195400,99.03
1875,4,195404,99.03
1876,3,195407,99.03
1877,2,195409,99.03
1878,1,195410,99.03
1879,2,195412,99.03
1880,4,195416,99.03
1881,4,195420,99.04
1882,4,195424,99.04
1883,4,195428,99.04
1884,8,195436,99.04
1885,3,195439,99.05
1886,6,195445,99.05
1887,4,195449,99.05
1888,1,195450,99.05
1889,7,195457,99.06
1890,5,195462,99.06
1891,3,195465,99.06
1892,5,195470,99.06
1894,4,195474,99.06
1895,6,195480,99.07
1896,2,195482,99.07
1897,3,195485,99.07
1898,5,195490,99.07
1899,5,195495,99.07
1900,6,195501,99.08
1901,4,195505,99.08
1902,3,195508,99.08
1903,2,195510,99.08
1904,1,195511,99.08
1905,4,195515,99.08
1906,4,195519,99.09
1907,2,195521,99.09
1908,5,195526,99.09
1909,7,195533,99.09
1910,4,195537,99.1
1911,3,195540,99.1
1912,6,195546,99.1
1913,2,195548,99.1
1914,2,195550,99.1
1915,1,195551,99.1
1916,3,195554,99.1
1917,4,195558,99.11
1918,2,195560,99.11
1919,6,195566,99.11
1920,3,195569,99.11
1921,1,195570,99.11
1922,2,195572,99.11
1923,6,195578,99.12
1924,3,195581,99.12
1925,5,195586,99.12
1926,2,195588,99.12
1927,4,195592,99.12
1928,3,195595,99.13
1929,2,195597,99.13
1930,4,195601,99.13
1931,1,195602,99.13
1932,6,195608,99.13
1933,2,195610,99.13
1934,4,195614,99.13
1935,1,195615,99.14
1936,2,195617,99.14
1937,4,195621,99.14
1938,2,195623,99.14
1939,2,195625,99.14
1940,4,195629,99.14
1941,3,195632,99.14
1942,5,195637,99.15
1943,4,195641,99.15
1944,7,195648,99.15
1945,2,195650,99.15
1946,3,195653,99.15
1947,3,195656,99.16
1948,2,195658,99.16
1949,3,195661,99.16
1950,7,195668,99.16
1951,3,195671,99.16
1952,3,195674,99.17
1953,3,195677,99.17
1954,2,195679,99.17
1955,4,195683,99.17
1956,3,195686,99.17
1957,3,195689,99.17
1958,6,195695,99.18
1959,4,195699,99.18
1960,4,195703,99.18
1961,2,195705,99.18
1962,1,195706,99.18
1963,1,195707,99.18
1964,5,195712,99.18
1965,6,195718,99.19
1966,5,195723,99.19
1967,2,195725,99.19
1968,4,195729,99.19
1969,6,195735,99.2
1970,5,195740,99.2
1971,3,195743,99.2
1972,4,195747,99.2
1973,1,195748,99.2
1974,1,195749,99.2
1975,2,195751,99.2
1976,1,195752,99.2
1977,3,195755,99.21
1978,3,195758,99.21
1979,2,195760,99.21
1980,2,195762,99.21
1981,4,195766,99.21
1982,3,195769,99.21
1983,1,195770,99.21
1984,2,195772,99.21
1986,4,195776,99.22
1987,1,195777,99.22
1988,4,195781,99.22
1989,2,195783,99.22
1990,1,195784,99.22
1991,2,195786,99.22
1992,4,195790,99.22
1993,2,195792,99.23
1994,3,195795,99.23
1995,3,195798,99.23
1996,4,195802,99.23
1997,2,195804,99.23
1998,6,195810,99.23
1999,3,195813,99.24
2000,1,195814,99.24
2001,3,195817,99.24
2002,2,195819,99.24
2003,4,195823,99.24
2004,2,195825,99.24
2005,3,195828,99.24
2006,2,195830,99.24
2007,3,195833,99.25
2008,3,195836,99.25
2009,2,195838,99.25
2010,4,195842,99.25
2011,3,195845,99.25
2012,2,195847,99.25
2013,3,195850,99.25
2014,1,195851,99.26
2015,2,195853,99.26
2016,7,195860,99.26
2017,3,195863,99.26
2018,3,195866,99.26
2019,7,195873,99.27
2020,4,195877,99.27
2021,5,195882,99.27
2022,2,195884,99.27
2023,5,195889,99.27
2024,5,195894,99.28
2025,3,195897,99.28
2026,2,195899,99.28
2027,7,195906,99.28
2028,2,195908,99.28
2029,2,195910,99.28
2030,5,195915,99.29
2031,2,195917,99.29
2032,6,195923,99.29
2033,1,195924,99.29
2034,4,195928,99.29
2035,4,195932,99.3
2036,5,195937,99.3
2037,4,195941,99.3
2038,1,195942,99.3
2039,2,195944,99.3
2040,5,195949,99.3
2041,5,195954,99.31
2042,1,195955,99.31
2044,3,195958,99.31
2045,2,195960,99.31
2047,2,195962,99.31
2048,5,195967,99.31
2049,3,195970,99.32
2050,5,195975,99.32
2051,2,195977,99.32
2052,2,195979,99.32
2053,1,195980,99.32
2054,5,195985,99.32
2055,3,195988,99.32
2056,4,195992,99.33
2058,4,195996,99.33
2059,1,195997,99.33
2060,4,196001,99.33
2061,7,196008,99.33
2062,4,196012,99.34
2063,2,196014,99.34
2064,1,196015,99.34
2066,1,196016,99.34
2067,4,196020,99.34
2068,3,196023,99.34
2069,1,196024,99.34
2070,4,196028,99.34
2071,3,196031,99.35
2072,1,196032,99.35
2073,1,196033,99.35
2074,4,196037,99.35
2076,2,196039,99.35
2077,1,196040,99.35
2078,2,196042,99.35
2079,1,196043,99.35
2080,4,196047,99.35
2081,6,196053,99.36
2082,2,196055,99.36
2083,3,196058,99.36
2084,4,196062,99.36
2085,2,196064,99.36
2086,2,196066,99.36
2087,4,196070,99.37
2088,1,196071,99.37
2089,3,196074,99.37
2091,2,196076,99.37
2092,1,196077,99.37
2093,1,196078,99.37
2094,3,196081,99.37
2095,1,196082,99.37
2096,3,196085,99.37
2097,3,196088,99.38
2098,1,196089,99.38
2099,4,196093,99.38
2100,4,196097,99.38
2101,3,196100,99.38
2102,1,196101,99.38
2104,5,196106,99.38
2106,1,196107,99.38
2108,2,196109,99.39
2109,5,196114,99.39
2110,1,196115,99.39
2111,4,196119,99.39
2112,1,196120,99.39
2113,3,196123,99.39
2114,3,196126,99.39
2115,4,196130,99.4
2116,6,196136,99.4
2117,5,196141,99.4
2118,2,196143,99.4
2119,1,196144,99.4
2120,1,196145,99.4
2121,2,196147,99.41
2122,1,196148,99.41
2123,1,196149,99.41
2124,2,196151,99.41
2125,1,196152,99.41
2126,3,196155,99.41
2127,1,196156,99.41
2129,3,196159,99.41
2130,2,196161,99.41
2131,3,196164,99.41
2132,2,196166,99.41
2133,1,196167,99.42
2134,4,196171,99.42
2135,1,196172,99.42
2136,3,196175,99.42
2137,2,196177,99.42
2138,2,196179,99.42
2139,1,196180,99.42
2140,3,196183,99.42
2141,1,196184,99.42
2143,4,196188,99.43
2144,1,196189,99.43
2145,5,196194,99.43
2146,2,196196,99.43
2148,3,196199,99.43
2149,2,196201,99.43
2150,1,196202,99.43
2153,2,196204,99.43
2156,2,196206,99.43
2157,4,196210,99.44
2158,3,196213,99.44
2160,3,196216,99.44
2162,2,196218,99.44
2163,2,196220,99.44
2164,2,196222,99.44
2165,2,196224,99.44
2167,2,196226,99.45
2168,1,196227,99.45
2169,3,196230,99.45
2170,3,196233,99.45
2171,1,196234,99.45
2173,3,196237,99.45
2175,3,196240,99.45
2176,2,196242,99.45
2177,1,196243,99.45
2178,2,196245,99.45
2180,2,196247,99.46
2181,3,196250,99.46
2182,3,196253,99.46
2183,2,196255,99.46
2184,1,196256,99.46
2185,5,196261,99.46
2186,3,196264,99.46
2187,1,196265,99.46
2188,3,196268,99.47
2189,2,196270,99.47
2192,3,196273,99.47
2193,6,196279,99.47
2194,1,196280,99.47
2195,1,196281,99.47
2196,1,196282,99.47
2197,4,196286,99.48
2198,1,196287,99.48
2199,3,196290,99.48
2200,1,196291,99.48
2201,2,196293,99.48
2203,2,196295,99.48
2204,3,196298,99.48
2205,1,196299,99.48
2206,2,196301,99.48
2207,3,196304,99.48
2208,2,196306,99.49
2210,1,196307,99.49
2213,1,196308,99.49
2214,3,196311,99.49
2215,1,196312,99.49
2216,3,196315,99.49
2217,2,196317,99.49
2218,1,196318,99.49
2219,1,196319,99.49
2220,3,196322,99.49
2221,3,196325,99.5
2223,2,196327,99.5
2224,1,196328,99.5
2225,1,196329,99.5
2226,2,196331,99.5
2227,1,196332,99.5
2228,4,196336,99.5
2229,2,196338,99.5
2230,4,196342,99.5
2231,3,196345,99.51
2232,3,196348,99.51
2233,1,196349,99.51
2234,1,196350,99.51
2235,1,196351,99.51
2236,2,196353,99.51
2237,1,196354,99.51
2239,3,196357,99.51
2240,1,196358,99.51
2241,6,196364,99.52
2242,2,196366,99.52
2243,1,196367,99.52
2244,1,196368,99.52
2245,2,196370,99.52
2246,2,196372,99.52
2247,2,196374,99.52
2249,1,196375,99.52
2250,5,196380,99.52
2251,3,196383,99.52
2252,2,196385,99.53
2254,2,196387,99.53
2255,1,196388,99.53
2257,1,196389,99.53
2258,2,196391,99.53
2259,1,196392,99.53
2260,1,196393,99.53
2261,2,196395,99.53
2262,2,196397,99.53
2263,2,196399,99.53
2264,3,196402,99.53
2265,1,196403,99.53
2266,1,196404,99.54
2267,2,196406,99.54
2268,2,196408,99.54
2270,2,196410,99.54
2271,2,196412,99.54
2272,1,196413,99.54
2275,3,196416,99.54
2276,2,196418,99.54
2277,3,196421,99.54
2278,2,196423,99.54
2279,1,196424,99.55
2280,3,196427,99.55
2282,2,196429,99.55
2284,1,196430,99.55
2285,1,196431,99.55
2286,1,196432,99.55
2287,1,196433,99.55
2288,2,196435,99.55
2290,3,196438,99.55
2291,1,196439,99.55
2292,4,196443,99.56
2293,2,196445,99.56
2294,3,196448,99.56
2295,2,196450,99.56
2298,1,196451,99.56
2299,4,196455,99.56
2300,1,196456,99.56
2301,1,196457,99.56
2304,3,196460,99.56
2306,2,196462,99.56
2307,1,196463,99.57
2308,3,196466,99.57
2309,1,196467,99.57
2310,1,196468,99.57
2314,1,196469,99.57
2316,2,196471,99.57
2317,3,196474,99.57
2318,1,196475,99.57
2319,1,196476,99.57
2320,1,196477,99.57
2321,1,196478,99.57
2322,1,196479,99.57
2323,1,196480,99.57
2324,1,196481,99.57
2325,2,196483,99.58
2326,2,196485,99.58
2327,1,196486,99.58
2328,1,196487,99.58
2330,1,196488,99.58
2331,3,196491,99.58
2332,2,196493,99.58
2335,2,196495,99.58
2336,2,196497,99.58
2337,1,196498,99.58
2338,1,196499,99.58
2339,1,196500,99.58
2340,1,196501,99.58
2342,3,196504,99.59
2343,1,196505,99.59
2344,1,196506,99.59
2345,1,196507,99.59
2347,1,196508,99.59
2348,3,196511,99.59
2350,3,196514,99.59
2351,2,196516,99.59
2354,1,196517,99.59
2355,1,196518,99.59
2356,2,196520,99.59
2357,1,196521,99.59
2358,1,196522,99.6
2359,4,196526,99.6
2360,1,196527,99.6
2361,3,196530,99.6
2362,5,196535,99.6
2363,3,196538,99.6
2364,3,196541,99.6
2368,2,196543,99.61
2369,3,196546,99.61
2370,1,196547,99.61
2371,1,196548,99.61
2372,1,196549,99.61
2373,3,196552,99.61
2374,1,196553,99.61
2376,1,196554,99.61
2377,1,196555,99.61
2379,1,196556,99.61
2380,2,196558,99.61
2381,2,196560,99.61
2382,2,196562,99.62
2384,1,196563,99.62
2385,1,196564,99.62
2386,1,196565,99.62
2388,3,196568,99.62
2389,1,196569,99.62
2390,3,196572,99.62
2391,1,196573,99.62
2393,2,196575,99.62
2394,2,196577,99.62
2395,2,196579,99.62
2396,2,196581,99.62
2397,1,196582,99.63
2398,1,196583,99.63
2399,2,196585,99.63
2401,1,196586,99.63
2403,3,196589,99.63
2405,4,196593,99.63
2406,2,196595,99.63
2407,4,196599,99.63
2410,1,196600,99.63
2411,1,196601,99.64
2413,1,196602,99.64
2414,3,196605,99.64
2415,2,196607,99.64
2417,1,196608,99.64
2418,2,196610,99.64
2420,1,196611,99.64
2422,3,196614,99.64
2424,2,196616,99.64
2426,1,196617,99.64
2430,1,196618,99.64
2431,2,196620,99.64
2432,2,196622,99.65
2433,1,196623,99.65
2434,2,196625,99.65
2436,2,196627,99.65
2437,3,196630,99.65
2440,1,196631,99.65
2441,1,196632,99.65
2442,5,196637,99.65
2443,2,196639,99.65
2445,3,196642,99.66
2447,1,196643,99.66
2448,2,196645,99.66
2449,2,196647,99.66
2450,1,196648,99.66
2451,1,196649,99.66
2452,2,196651,99.66
2453,1,196652,99.66
2455,1,196653,99.66
2456,1,196654,99.66
2459,1,196655,99.66
2462,3,196658,99.66
2464,2,196660,99.67
2467,1,196661,99.67
2468,3,196664,99.67
2471,1,196665,99.67
2472,2,196667,99.67
2474,3,196670,99.67
2475,1,196671,99.67
2476,1,196672,99.67
2478,2,196674,99.67
2479,3,196677,99.67
2480,2,196679,99.67
2483,1,196680,99.68
2484,1,196681,99.68
2487,1,196682,99.68
2488,1,196683,99.68
2489,2,196685,99.68
2490,2,196687,99.68
2491,2,196689,99.68
2493,2,196691,99.68
2494,1,196692,99.68
2495,1,196693,99.68
2497,1,196694,99.68
2498,1,196695,99.68
2501,1,196696,99.68
2502,2,196698,99.68
2504,1,196699,99.68
2505,1,196700,99.69
2506,1,196701,99.69
2507,2,196703,99.69
2508,1,196704,99.69
2509,2,196706,99.69
2512,2,196708,99.69
2513,1,196709,99.69
2514,1,196710,99.69
2515,1,196711,99.69
2517,1,196712,99.69
2520,1,196713,99.69
2521,2,196715,99.69
2522,1,196716,99.69
2523,1,196717,99.69
2526,2,196719,99.69
2527,3,196722,99.7
2528,1,196723,99.7
2532,3,196726,99.7
2533,1,196727,99.7
2535,1,196728,99.7
2540,1,196729,99.7
2541,2,196731,99.7
2542,1,196732,99.7
2544,1,196733,99.7
2546,1,196734,99.7
2548,2,196736,99.7
2549,1,196737,99.7
2551,2,196739,99.71
2553,3,196742,99.71
2555,1,196743,99.71
2556,2,196745,99.71
2557,1,196746,99.71
2558,1,196747,99.71
2560,1,196748,99.71
2563,2,196750,99.71
2564,2,196752,99.71
2565,1,196753,99.71
2566,1,196754,99.71
2567,1,196755,99.71
2569,2,196757,99.71
2570,1,196758,99.71
2571,1,196759,99.72
2572,1,196760,99.72
2573,2,196762,99.72
2575,1,196763,99.72
2577,1,196764,99.72
2578,1,196765,99.72
2579,2,196767,99.72
2580,1,196768,99.72
2581,3,196771,99.72
2583,1,196772,99.72
2584,3,196775,99.72
2587,1,196776,99.72
2590,1,196777,99.72
2592,1,196778,99.72
2594,1,196779,99.73
2595,1,196780,99.73
2596,1,196781,99.73
2598,1,196782,99.73
2601,2,196784,99.73
2602,1,196785,99.73
2603,1,196786,99.73
2604,1,196787,99.73
2605,2,196789,99.73
2606,1,196790,99.73
2607,1,196791,99.73
2608,2,196793,99.73
2612,2,196795,99.73
2613,1,196796,99.73
2615,2,196798,99.73
2616,1,196799,99.74
2617,1,196800,99.74
2619,2,196802,99.74
2620,1,196803,99.74
2622,2,196805,99.74
2623,1,196806,99.74
2625,1,196807,99.74
2626,1,196808,99.74
2628,4,196812,99.74
2629,2,196814,99.74
2630,1,196815,99.74
2631,1,196816,99.74
2632,4,196820,99.75
2633,1,196821,99.75
2634,1,196822,99.75
2636,1,196823,99.75
2637,2,196825,99.75
2640,2,196827,99.75
2642,2,196829,99.75
2644,1,196830,99.75
2646,2,196832,99.75
2647,1,196833,99.75
2649,3,196836,99.75
2654,1,196837,99.75
2655,1,196838,99.76
2656,1,196839,99.76
2657,1,196840,99.76
2662,1,196841,99.76
2664,1,196842,99.76
2666,1,196843,99.76
2667,1,196844,99.76
2668,4,196848,99.76
2669,1,196849,99.76
2670,1,196850,99.76
2671,2,196852,99.76
2674,1,196853,99.76
2675,1,196854,99.76
2676,2,196856,99.76
2678,1,196857,99.76
2681,1,196858,99.77
2687,1,196859,99.77
2688,2,196861,99.77
2694,1,196862,99.77
2695,3,196865,99.77
2696,1,196866,99.77
2697,1,196867,99.77
2698,1,196868,99.77
2699,1,196869,99.77
2701,1,196870,99.77
2704,2,196872,99.77
2708,2,196874,99.77
2711,2,196876,99.77
2715,2,196878,99.78
2717,2,196880,99.78
2718,1,196881,99.78
2721,1,196882,99.78
2726,2,196884,99.78
2727,1,196885,99.78
2728,1,196886,99.78
2730,1,196887,99.78
2736,1,196888,99.78
2738,1,196889,99.78
2739,1,196890,99.78
2743,2,196892,99.78
2745,1,196893,99.78
2746,1,196894,99.78
2750,1,196895,99.78
2754,1,196896,99.78
2758,1,196897,99.79
2760,1,196898,99.79
2761,1,196899,99.79
2764,1,196900,99.79
2766,2,196902,99.79
2769,1,196903,99.79
2770,1,196904,99.79
2772,1,196905,99.79
2773,1,196906,99.79
2774,1,196907,99.79
2778,1,196908,99.79
2779,1,196909,99.79
2781,1,196910,99.79
2783,1,196911,99.79
2785,1,196912,99.79
2786,1,196913,99.79
2788,2,196915,99.79
2794,2,196917,99.8
2801,3,196920,99.8
2802,2,196922,99.8
2806,1,196923,99.8
2808,1,196924,99.8
2809,2,196926,99.8
2811,1,196927,99.8
2812,1,196928,99.8
2814,1,196929,99.8
2820,1,196930,99.8
2824,1,196931,99.8
2827,1,196932,99.8
2828,1,196933,99.8
2829,1,196934,99.8
2832,1,196935,99.8
2835,1,196936,99.8
2839,1,196937,99.81
2841,1,196938,99.81
2843,1,196939,99.81
2851,1,196940,99.81
2852,1,196941,99.81
2856,1,196942,99.81
2857,1,196943,99.81
2858,3,196946,99.81
2862,2,196948,99.81
2863,1,196949,99.81
2865,1,196950,99.81
2866,1,196951,99.81
2868,1,196952,99.81
2871,1,196953,99.81
2872,1,196954,99.81
2874,1,196955,99.81
2876,3,196958,99.82
2877,1,196959,99.82
2882,2,196961,99.82
2883,1,196962,99.82
2884,2,196964,99.82
2886,1,196965,99.82
2887,2,196967,99.82
2888,1,196968,99.82
2890,1,196969,99.82
2893,1,196970,99.82
2895,1,196971,99.82
2900,1,196972,99.82
2902,1,196973,99.82
2908,1,196974,99.82
2909,1,196975,99.82
2911,1,196976,99.83
2912,1,196977,99.83
2915,1,196978,99.83
2916,2,196980,99.83
2920,1,196981,99.83
2923,1,196982,99.83
2924,1,196983,99.83
2925,1,196984,99.83
2927,1,196985,99.83
2929,1,196986,99.83
2930,1,196987,99.83
2936,1,196988,99.83
2942,1,196989,99.83
2943,1,196990,99.83
2946,1,196991,99.83
2948,1,196992,99.83
2949,1,196993,99.83
2950,1,196994,99.83
2952,1,196995,99.83
2954,1,196996,99.84
2956,1,196997,99.84
2959,1,196998,99.84
2963,1,196999,99.84
2964,1,197000,99.84
2972,1,197001,99.84
2973,1,197002,99.84
2979,1,197003,99.84
2980,1,197004,99.84
2982,2,197006,99.84
2985,1,197007,99.84
2993,3,197010,99.84
2995,1,197011,99.84
2997,1,197012,99.84
2998,1,197013,99.84
2999,2,197015,99.84
3000,1,197016,99.85
3003,1,197017,99.85
3013,1,197018,99.85
3027,1,197019,99.85
3028,1,197020,99.85
3031,1,197021,99.85
3036,1,197022,99.85
3038,1,197023,99.85
3040,1,197024,99.85
3043,2,197026,99.85
3044,1,197027,99.85
3049,1,197028,99.85
3052,1,197029,99.85
3053,2,197031,99.85
3057,1,197032,99.85
3058,2,197034,99.85
3062,1,197035,99.86
3063,1,197036,99.86
3067,1,197037,99.86
3070,2,197039,99.86
3075,1,197040,99.86
3076,1,197041,99.86
3077,2,197043,99.86
3078,1,197044,99.86
3079,1,197045,99.86
3083,1,197046,99.86
3091,1,197047,99.86
3092,2,197049,99.86
3097,1,197050,99.86
3100,1,197051,99.86
3101,1,197052,99.86
3103,1,197053,99.86
3110,1,197054,99.86
3112,1,197055,99.87
3118,1,197056,99.87
3121,2,197058,99.87
3127,1,197059,99.87
3129,1,197060,99.87
3135,2,197062,99.87
3136,1,197063,99.87
3143,1,197064,99.87
3151,1,197065,99.87
3155,1,197066,99.87
3159,1,197067,99.87
3163,2,197069,99.87
3177,2,197071,99.87
3178,1,197072,99.87
3180,1,197073,99.87
3183,2,197075,99.88
3187,1,197076,99.88
3189,1,197077,99.88
3197,1,197078,99.88
3208,1,197079,99.88
3209,1,197080,99.88
3211,1,197081,99.88
3217,1,197082,99.88
3219,1,197083,99.88
3222,1,197084,99.88
3224,1,197085,99.88
3232,1,197086,99.88
3233,1,197087,99.88
3244,2,197089,99.88
3247,1,197090,99.88
3256,1,197091,99.88
3257,3,197094,99.88
3258,1,197095,99.89
3260,1,197096,99.89
3262,1,197097,99.89
3272,1,197098,99.89
3275,1,197099,99.89
3283,1,197100,99.89
3284,1,197101,99.89
3287,1,197102,99.89
3288,1,197103,99.89
3292,1,197104,99.89
3295,1,197105,99.89
3299,3,197108,99.89
3314,1,197109,99.89
3318,1,197110,99.89
3319,2,197112,99.89
3321,1,197113,99.89
3322,1,197114,99.9
3324,1,197115,99.9
3327,1,197116,99.9
3331,1,197117,99.9
3336,1,197118,99.9
3348,1,197119,99.9
3354,1,197120,99.9
3355,1,197121,99.9
3357,3,197124,99.9
3361,2,197126,99.9
3367,1,197127,99.9
3370,1,197128,99.9
3373,1,197129,99.9
3382,1,197130,99.9
3385,2,197132,99.9
3391,1,197133,99.9
3394,1,197134,99.91
3395,1,197135,99.91
3409,1,197136,99.91
3416,1,197137,99.91
3425,1,197138,99.91
3431,1,197139,99.91
3434,1,197140,99.91
3440,2,197142,99.91
3468,1,197143,99.91
3469,1,197144,99.91
3472,1,197145,99.91
3473,1,197146,99.91
3486,1,197147,99.91
3491,2,197149,99.91
3495,1,197150,99.91
3497,1,197151,99.91
3501,1,197152,99.91
3508,2,197154,99.92
3511,1,197155,99.92
3520,1,197156,99.92
3532,3,197159,99.92
3533,1,197160,99.92
3534,2,197162,99.92
3547,1,197163,99.92
3567,1,197164,99.92
3570,1,197165,99.92
3585,1,197166,99.92
3586,1,197167,99.92
3588,1,197168,99.92
3593,1,197169,99.92
3596,1,197170,99.92
3598,1,197171,99.92
3609,1,197172,99.92
3614,2,197174,99.93
3618,1,197175,99.93
3620,1,197176,99.93
3640,1,197177,99.93
3667,2,197179,99.93
3668,1,197180,99.93
3669,1,197181,99.93
3673,1,197182,99.93
3680,1,197183,99.93
3682,2,197185,99.93
3686,1,197186,99.93
3706,1,197187,99.93
3712,1,197188,99.93
3730,1,197189,99.93
3731,2,197191,99.93
3737,1,197192,99.93
3746,1,197193,99.94
3756,1,197194,99.94
3758,1,197195,99.94
3767,1,197196,99.94
3770,1,197197,99.94
3771,1,197198,99.94
3814,1,197199,99.94
3831,1,197200,99.94
3837,1,197201,99.94
3852,1,197202,99.94
3857,1,197203,99.94
3867,1,197204,99.94
3875,1,197205,99.94
3884,1,197206,99.94
3902,1,197207,99.94
3919,1,197208,99.94
3924,1,197209,99.94
3932,1,197210,99.94
3937,2,197212,99.94
3939,1,197213,99.95
3944,1,197214,99.95
3954,1,197215,99.95
3963,1,197216,99.95
3966,1,197217,99.95
3976,1,197218,99.95
3990,1,197219,99.95
3997,1,197220,99.95
4006,1,197221,99.95
4014,1,197222,99.95
4017,1,197223,99.95
4022,1,197224,99.95
4062,1,197225,99.95
4064,1,197226,99.95
4070,1,197227,99.95
4072,1,197228,99.95
4073,1,197229,99.95
4093,1,197230,99.95
4099,1,197231,99.95
4118,1,197232,99.95
4126,1,197233,99.96
4136,1,197234,99.96
4171,1,197235,99.96
4195,1,197236,99.96
4200,1,197237,99.96
4213,1,197238,99.96
4220,1,197239,99.96
4246,1,197240,99.96
4257,1,197241,99.96
4268,1,197242,99.96
4272,1,197243,99.96
4285,1,197244,99.96
4293,1,197245,99.96
4309,1,197246,99.96
4334,1,197247,99.96
4340,1,197248,99.96
4367,1,197249,99.96
4422,1,197250,99.96
4470,1,197251,99.96
4480,1,197252,99.97
4482,1,197253,99.97
4484,1,197254,99.97
4522,1,197255,99.97
4524,1,197256,99.97
4528,1,197257,99.97
4550,1,197258,99.97
4578,1,197259,99.97
4584,1,197260,99.97
4615,1,197261,99.97
4622,1,197262,99.97
4639,1,197263,99.97
4694,1,197264,99.97
4704,1,197265,99.97
4719,1,197266,99.97
4749,1,197267,99.97
4789,1,197268,99.97
4795,1,197269,99.97
4831,1,197270,99.97
4839,1,197271,99.97
4864,1,197272,99.98
4871,1,197273,99.98
4883,1,197274,99.98
4887,1,197275,99.98
4899,1,197276,99.98
4907,1,197277,99.98
4913,1,197278,99.98
4937,1,197279,99.98
4940,1,197280,99.98
4941,1,197281,99.98
4994,1,197282,99.98
5119,1,197283,99.98
5124,1,197284,99.98
5187,1,197285,99.98
5243,1,197286,99.98
5269,1,197287,99.98
5286,1,197288,99.98
5316,1,197289,99.98
5317,1,197290,99.98
5380,1,197291,99.98
5395,1,197292,99.99
5481,1,197293,99.99
5501,1,197294,99.99
5706,1,197295,99.99
5722,1,197296,99.99
5763,1,197297,99.99
5820,1,197298,99.99
6103,1,197299,99.99
6128,1,197300,99.99
6289,1,197301,99.99
6331,1,197302,99.99
6350,1,197303,99.99
6637,1,197304,99.99
6813,1,197305,99.99
6901,1,197306,99.99
7094,1,197307,99.99
7187,1,197308,99.99
7219,1,197309,99.99
7543,1,197310,99.99
7698,1,197311,99.99
8130,1,197312,100.0
8159,1,197313,100.0
8382,1,197314,100.0
9391,1,197315,100.0
9634,1,197316,100.0
9746,1,197317,100.0
9945,1,197318,100.0
10025,1,197319,100.0
11055,1,197320,100.0
29632,1,197321,100.0
